precinct,registered_voters,ballots_cast,turnout,democratic_party,republican_party,libertarian_party,us_taxpayers_party,working_class_party,green_party,natural_law_party
Charter Township of Brownstown Precinct 1,0,0,0,0,0,0,0,0,0,0
Charter Township of Brownstown Precinct 2,0,0,0,0,0,0,0,0,0,0
Charter Township of Brownstown Precinct 3,0,0,0,0,0,0,0,0,0,0
Charter Township of Brownstown Precinct 4,0,0,0,0,0,0,0,0,0,0
Charter Township of Brownstown Precinct 5,0,0,0,0,0,0,0,0,0,0
Charter Township of Brownstown Precinct 6,0,0,0,0,0,0,0,0,0,0
Charter Township of Brownstown Precinct 7,0,0,0,0,0,0,0,0,0,0
Charter Township of Brownstown Precinct 8,0,0,0,0,0,0,0,0,0,0
Charter Township of Brownstown Precinct 9,0,0,0,0,0,0,0,0,0,0
Charter Township of Brownstown Precinct 10,0,0,0,0,0,0,0,0,0,0
Charter Township of Brownstown Precinct 11,0,0,0,0,0,0,0,0,0,0
Charter Township of Brownstown Precinct 12,0,0,0,0,0,0,0,0,0,0
Charter Township of Canton Precinct 1,0,0,0,0,0,0,0,0,0,0
Charter Township of Canton Precinct 2,0,0,0,0,0,0,0,0,0,0
Charter Township of Canton Precinct 3,0,0,0,0,0,0,0,0,0,0
Charter Township of Canton Precinct 4,0,0,0,0,0,0,0,0,0,0
Charter Township of Canton Precinct 5,0,0,0,0,0,0,0,0,0,0
Charter Township of Canton Precinct 6,0,0,0,0,0,0,0,0,0,0
Charter Township of Canton Precinct 7,0,0,0,0,0,0,0,0,0,0
Charter Township of Canton Precinct 8,0,0,0,0,0,0,0,0,0,0
Charter Township of Canton Precinct 9,0,0,0,0,0,0,0,0,0,0
Charter Township of Canton Precinct 10,0,0,0,0,0,0,0,0,0,0
Charter Township of Canton Precinct 11,0,0,0,0,0,0,0,0,0,0
Charter Township of Canton Precinct 12,0,0,0,0,0,0,0,0,0,0
Charter Township of Canton Precinct 13,0,0,0,0,0,0,0,0,0,0
Charter Township of Canton Precinct 14,0,0,0,0,0,0,0,0,0,0
Charter Township of Canton Precinct 15,0,0,0,0,0,0,0,0,0,0
Charter Township of Canton Precinct 16,0,0,0,0,0,0,0,0,0,0
Charter Township of Canton Precinct 17,0,0,0,0,0,0,0,0,0,0
Charter Township of Canton Precinct 18,0,0,0,0,0,0,0,0,0,0
Charter Township of Canton Precinct 19,0,0,0,0,0,0,0,0,0,0
Charter Township of Canton Precinct 20,0,0,0,0,0,0,0,0,0,0
Charter Township of Canton Precinct 21,0,0,0,0,0,0,0,0,0,0
Charter Township of Canton Precinct 22,0,0,0,0,0,0,0,0,0,0
Charter Township of Canton Precinct 23,0,0,0,0,0,0,0,0,0,0
Charter Township of Canton Precinct 24,0,0,0,0,0,0,0,0,0,0
Charter Township of Canton Precinct 25,0,0,0,0,0,0,0,0,0,0
Charter Township of Canton Precinct 26,0,0,0,0,0,0,0,0,0,0
Charter Township of Canton Precinct 27,0,0,0,0,0,0,0,0,0,0
Charter Township of Canton Precinct 28,0,0,0,0,0,0,0,0,0,0
Charter Township of Canton Precinct 29,0,0,0,0,0,0,0,0,0,0
Charter Township of Canton Precinct 30,0,0,0,0,0,0,0,0,0,0
Charter Township of Canton Precinct 31,0,0,0,0,0,0,0,0,0,0
Charter Township of Canton Precinct 32,0,0,0,0,0,0,0,0,0,0
Charter Township of Canton Precinct 33,0,0,0,0,0,0,0,0,0,0
Charter Township of Canton Precinct 34,0,0,0,0,0,0,0,0,0,0
Charter Township of Canton Precinct 35,0,0,0,0,0,0,0,0,0,0
Charter Township of Canton Precinct 36,0,0,0,0,0,0,0,0,0,0
Charter Township of Canton Precinct 37,0,0,0,0,0,0,0,0,0,0
Charter Township of Canton Precinct 38,0,0,0,0,0,0,0,0,0,0
Charter Township of Canton Precinct 39,0,0,0,0,0,0,0,0,0,0
Charter Township of Canton Precinct 40,0,0,0,0,0,0,0,0,0,0
Charter Township of Huron Precinct 1,0,0,0,0,0,0,0,0,0,0
Charter Township of Huron Precinct 2,0,0,0,0,0,0,0,0,0,0
Charter Township of Huron Precinct 3,0,0,0,0,0,0,0,0,0,0
Charter Township of Huron Precinct 4,0,0,0,0,0,0,0,0,0,0
Charter Township of Huron Precinct 5,0,0,0,0,0,0,0,0,0,0
Charter Township of Huron Precinct 6,0,0,0,0,0,0,0,0,0,0
Charter Township of Northville Precinct 1,0,0,0,0,0,0,0,0,0,0
Charter Township of Northville Precinct 2,0,0,0,0,0,0,0,0,0,0
Charter Township of Northville Precinct 3,0,0,0,0,0,0,0,0,0,0
Charter Township of Northville Precinct 4,0,0,0,0,0,0,0,0,0,0
Charter Township of Northville Precinct 5,0,0,0,0,0,0,0,0,0,0
Charter Township of Northville Precinct 6,0,0,0,0,0,0,0,0,0,0
Charter Township of Northville Precinct 7,0,0,0,0,0,0,0,0,0,0
Charter Township of Northville Precinct 8,0,0,0,0,0,0,0,0,0,0
Charter Township of Northville Precinct 9,0,0,0,0,0,0,0,0,0,0
Charter Township of Northville Precinct 10,0,0,0,0,0,0,0,0,0,0
Charter Township of Northville Precinct 11,0,0,0,0,0,0,0,0,0,0
Charter Township of Northville Precinct 12,0,0,0,0,0,0,0,0,0,0
Charter Township of Plymouth Precinct 1,0,0,0,0,0,0,0,0,0,0
Charter Township of Plymouth Precinct 2,0,0,0,0,0,0,0,0,0,0
Charter Township of Plymouth Precinct 3,0,0,0,0,0,0,0,0,0,0
Charter Township of Plymouth Precinct 4,0,0,0,0,0,0,0,0,0,0
Charter Township of Plymouth Precinct 5,0,0,0,0,0,0,0,0,0,0
Charter Township of Plymouth Precinct 6,0,0,0,0,0,0,0,0,0,0
Charter Township of Plymouth Precinct 7,0,0,0,0,0,0,0,0,0,0
Charter Township of Plymouth Precinct 8,0,0,0,0,0,0,0,0,0,0
Charter Township of Plymouth Precinct 9,0,0,0,0,0,0,0,0,0,0
Charter Township of Plymouth Precinct 10,0,0,0,0,0,0,0,0,0,0
Charter Township of Plymouth Precinct 11,0,0,0,0,0,0,0,0,0,0
Charter Township of Plymouth Precinct 12,0,0,0,0,0,0,0,0,0,0
Charter Township of Redford Precinct 1,0,0,0,0,0,0,0,0,0,0
Charter Township of Redford Precinct 2,0,0,0,0,0,0,0,0,0,0
Charter Township of Redford Precinct 3,0,0,0,0,0,0,0,0,0,0
Charter Township of Redford Precinct 4,0,0,0,0,0,0,0,0,0,0
Charter Township of Redford Precinct 5,0,0,0,0,0,0,0,0,0,0
Charter Township of Redford Precinct 6,0,0,0,0,0,0,0,0,0,0
Charter Township of Redford Precinct 7,0,0,0,0,0,0,0,0,0,0
Charter Township of Redford Precinct 8,0,0,0,0,0,0,0,0,0,0
Charter Township of Redford Precinct 9,0,0,0,0,0,0,0,0,0,0
Charter Township of Redford Precinct 10,0,0,0,0,0,0,0,0,0,0
Charter Township of Redford Precinct 11,0,0,0,0,0,0,0,0,0,0
Charter Township of Redford Precinct 12,0,0,0,0,0,0,0,0,0,0
Charter Township of Redford Precinct 13,0,0,0,0,0,0,0,0,0,0
Charter Township of Redford Precinct 14,0,0,0,0,0,0,0,0,0,0
Charter Township of Redford Precinct 15,0,0,0,0,0,0,0,0,0,0
Charter Township of Redford Precinct 16,0,0,0,0,0,0,0,0,0,0
Charter Township of Redford Precinct 17,0,0,0,0,0,0,0,0,0,0
Charter Township of Redford Precinct 18,0,0,0,0,0,0,0,0,0,0
Charter Township of Redford Precinct 19,0,0,0,0,0,0,0,0,0,0
Charter Township of Redford Precinct 20,0,0,0,0,0,0,0,0,0,0
Charter Township of Van Buren Precinct 1,0,0,0,0,0,0,0,0,0,0
Charter Township of Van Buren Precinct 2,0,0,0,0,0,0,0,0,0,0
Charter Township of Van Buren Precinct 3,0,0,0,0,0,0,0,0,0,0
Charter Township of Van Buren Precinct 4,0,0,0,0,0,0,0,0,0,0
Charter Township of Van Buren Precinct 5,0,0,0,0,0,0,0,0,0,0
Charter Township of Van Buren Precinct 6,0,0,0,0,0,0,0,0,0,0
Charter Township of Van Buren Precinct 7,0,0,0,0,0,0,0,0,0,0
Charter Township of Van Buren Precinct 8,0,0,0,0,0,0,0,0,0,0
Charter Township of Van Buren Precinct 9,0,0,0,0,0,0,0,0,0,0
Charter Township of Van Buren Precinct 10,0,0,0,0,0,0,0,0,0,0
City of Allen Park Precinct 1,0,0,0,0,0,0,0,0,0,0
City of Allen Park Precinct 2,0,0,0,0,0,0,0,0,0,0
City of Allen Park Precinct 3,0,0,0,0,0,0,0,0,0,0
City of Allen Park Precinct 4,0,0,0,0,0,0,0,0,0,0
City of Allen Park Precinct 5,0,0,0,0,0,0,0,0,0,0
City of Allen Park Precinct 7,0,0,0,0,0,0,0,0,0,0
City of Allen Park Precinct 8,0,0,0,0,0,0,0,0,0,0
City of Allen Park Precinct 9,0,0,0,0,0,0,0,0,0,0
City of Allen Park Precinct 10,0,0,0,0,0,0,0,0,0,0
City of Allen Park Precinct 11,0,0,0,0,0,0,0,0,0,0
City of Allen Park Precinct 12,0,0,0,0,0,0,0,0,0,0
City of Allen Park Precinct 13,0,0,0,0,0,0,0,0,0,0
City of Allen Park Precinct 14,0,0,0,0,0,0,0,0,0,0
City of Allen Park Precinct 15,0,0,0,0,0,0,0,0,0,0
City of Allen Park Precinct 16,0,0,0,0,0,0,0,0,0,0
City of Belleville Precinct 1,0,0,0,0,0,0,0,0,0,0
City of Belleville Precinct 2,0,0,0,0,0,0,0,0,0,0
City of Dearborn Heights Precinct 1,0,0,0,0,0,0,0,0,0,0
City of Dearborn Heights Precinct 2,0,0,0,0,0,0,0,0,0,0
City of Dearborn Heights Precinct 3,0,0,0,0,0,0,0,0,0,0
City of Dearborn Heights Precinct 4,0,0,0,0,0,0,0,0,0,0
City of Dearborn Heights Precinct 5,0,0,0,0,0,0,0,0,0,0
City of Dearborn Heights Precinct 6,0,0,0,0,0,0,0,0,0,0
City of Dearborn Heights Precinct 7,0,0,0,0,0,0,0,0,0,0
City of Dearborn Heights Precinct 8,0,0,0,0,0,0,0,0,0,0
City of Dearborn Heights Precinct 9,0,0,0,0,0,0,0,0,0,0
City of Dearborn Heights Precinct 10,0,0,0,0,0,0,0,0,0,0
City of Dearborn Heights Precinct 11,0,0,0,0,0,0,0,0,0,0
City of Dearborn Heights Precinct 12,0,0,0,0,0,0,0,0,0,0
City of Dearborn Heights Precinct 13,0,0,0,0,0,0,0,0,0,0
City of Dearborn Heights Precinct 14,0,0,0,0,0,0,0,0,0,0
City of Dearborn Heights Precinct 15,0,0,0,0,0,0,0,0,0,0
City of Dearborn Heights Precinct 16,0,0,0,0,0,0,0,0,0,0
City of Dearborn Heights Precinct 17,0,0,0,0,0,0,0,0,0,0
City of Dearborn Heights Precinct 18,0,0,0,0,0,0,0,0,0,0
City of Dearborn Heights Precinct 19,0,0,0,0,0,0,0,0,0,0
City of Dearborn Heights Precinct 20,0,0,0,0,0,0,0,0,0,0
City of Dearborn Heights Precinct 21,0,0,0,0,0,0,0,0,0,0
City of Dearborn Heights Precinct 22,0,0,0,0,0,0,0,0,0,0
City of Dearborn Heights Precinct 23,0,0,0,0,0,0,0,0,0,0
City of Dearborn Heights Precinct 24,0,0,0,0,0,0,0,0,0,0
City of Dearborn Heights Precinct 25,0,0,0,0,0,0,0,0,0,0
City of Dearborn Heights Precinct 26,0,0,0,0,0,0,0,0,0,0
City of Dearborn Heights Precinct 27,0,0,0,0,0,0,0,0,0,0
City of Dearborn Precinct 1,0,0,0,0,0,0,0,0,0,0
City of Dearborn Precinct 2,0,0,0,0,0,0,0,0,0,0
City of Dearborn Precinct 3,0,0,0,0,0,0,0,0,0,0
City of Dearborn Precinct 4,0,0,0,0,0,0,0,0,0,0
City of Dearborn Precinct 5,0,0,0,0,0,0,0,0,0,0
City of Dearborn Precinct 6,0,0,0,0,0,0,0,0,0,0
City of Dearborn Precinct 7,0,0,0,0,0,0,0,0,0,0
City of Dearborn Precinct 8,0,0,0,0,0,0,0,0,0,0
City of Dearborn Precinct 9,0,0,0,0,0,0,0,0,0,0
City of Dearborn Precinct 10,0,0,0,0,0,0,0,0,0,0
City of Dearborn Precinct 11,0,0,0,0,0,0,0,0,0,0
City of Dearborn Precinct 12,0,0,0,0,0,0,0,0,0,0
City of Dearborn Precinct 13,0,0,0,0,0,0,0,0,0,0
City of Dearborn Precinct 15,0,0,0,0,0,0,0,0,0,0
City of Dearborn Precinct 16,0,0,0,0,0,0,0,0,0,0
City of Dearborn Precinct 17,0,0,0,0,0,0,0,0,0,0
City of Dearborn Precinct 18,0,0,0,0,0,0,0,0,0,0
City of Dearborn Precinct 19,0,0,0,0,0,0,0,0,0,0
City of Dearborn Precinct 20,0,0,0,0,0,0,0,0,0,0
City of Dearborn Precinct 21,0,0,0,0,0,0,0,0,0,0
City of Dearborn Precinct 22,0,0,0,0,0,0,0,0,0,0
City of Dearborn Precinct 23,0,0,0,0,0,0,0,0,0,0
City of Dearborn Precinct 24,0,0,0,0,0,0,0,0,0,0
City of Dearborn Precinct 25,0,0,0,0,0,0,0,0,0,0
City of Dearborn Precinct 26,0,0,0,0,0,0,0,0,0,0
City of Dearborn Precinct 27,0,0,0,0,0,0,0,0,0,0
City of Dearborn Precinct 28,0,0,0,0,0,0,0,0,0,0
City of Dearborn Precinct 29,0,0,0,0,0,0,0,0,0,0
City of Dearborn Precinct 30,0,0,0,0,0,0,0,0,0,0
City of Dearborn Precinct 31,0,0,0,0,0,0,0,0,0,0
City of Dearborn Precinct 32,0,0,0,0,0,0,0,0,0,0
City of Dearborn Precinct 33,0,0,0,0,0,0,0,0,0,0
City of Dearborn Precinct 34,0,0,0,0,0,0,0,0,0,0
City of Dearborn Precinct 35,0,0,0,0,0,0,0,0,0,0
City of Dearborn Precinct 36,0,0,0,0,0,0,0,0,0,0
City of Dearborn Precinct 37,0,0,0,0,0,0,0,0,0,0
City of Dearborn Precinct 38,0,0,0,0,0,0,0,0,0,0
City of Dearborn Precinct 40,0,0,0,0,0,0,0,0,0,0
City of Dearborn Precinct 41,0,0,0,0,0,0,0,0,0,0
City of Dearborn Precinct 42,0,0,0,0,0,0,0,0,0,0
City of Dearborn Precinct 43,0,0,0,0,0,0,0,0,0,0
City of Dearborn Precinct 44,0,0,0,0,0,0,0,0,0,0
City of Dearborn Precinct 45,0,0,0,0,0,0,0,0,0,0
City of Dearborn Precinct 46,0,0,0,0,0,0,0,0,0,0
City of Dearborn Precinct 47,0,0,0,0,0,0,0,0,0,0
City of Dearborn Precinct 48,0,0,0,0,0,0,0,0,0,0
City of Dearborn Precinct 49,0,0,0,0,0,0,0,0,0,0
City of Dearborn Precinct 50,0,0,0,0,0,0,0,0,0,0
City of Detroit AVCB 1,0,1501,0,1241,21,3,4,3,2,1
City of Detroit AVCB 2,0,2011,0,1484,75,1,8,10,2,1
City of Detroit AVCB 3,0,1894,0,1509,33,1,6,8,0,1
City of Detroit AVCB 4,0,1866,0,1414,34,3,4,6,0,1
City of Detroit AVCB 5,0,1833,0,1340,24,2,2,5,2,0
City of Detroit AVCB 6,0,2544,0,1971,65,8,6,11,6,6
City of Detroit AVCB 7,0,1900,0,1340,25,5,2,3,2,0
City of Detroit AVCB 8,0,1702,0,1319,18,4,0,2,2,0
City of Detroit AVCB 9,0,959,0,771,9,2,2,3,0,0
City of Detroit AVCB 10,0,922,0,734,6,0,0,0,2,1
City of Detroit AVCB 11,0,2135,0,1433,58,1,1,7,2,1
City of Detroit AVCB 12,0,1542,0,939,20,2,1,1,0,0
City of Detroit AVCB 13,0,1621,0,1024,19,1,0,0,2,0
City of Detroit AVCB 14,0,1764,0,1354,21,3,0,1,1,0
City of Detroit AVCB 15,0,1765,0,1437,15,0,2,7,0,0
City of Detroit AVCB 16,0,2103,0,1662,27,3,6,2,2,0
City of Detroit AVCB 17,0,2682,0,2184,56,8,7,6,3,2
City of Detroit AVCB 18,0,2096,0,1701,29,2,5,4,2,1
City of Detroit AVCB 19,0,2290,0,1796,45,5,2,10,2,1
City of Detroit AVCB 20,0,2245,0,1819,23,6,3,8,1,0
City of Detroit AVCB 21,0,2090,0,1669,28,3,1,3,4,1
City of Detroit AVCB 22,0,2419,0,2020,24,2,3,10,4,4
City of Detroit AVCB 23,0,2805,0,2205,92,4,7,4,4,3
City of Detroit AVCB 24,0,2871,0,1952,52,10,4,2,4,0
City of Detroit AVCB 25,0,3241,0,2564,123,3,6,14,8,4
City of Detroit AVCB 26,0,3380,0,2616,102,5,7,16,3,2
City of Detroit AVCB 27,0,2311,0,1860,33,1,2,7,2,0
City of Detroit AVCB 28,0,2289,0,1770,19,2,1,8,4,0
City of Detroit AVCB 29,0,2193,0,1622,56,1,1,2,2,2
City of Detroit AVCB 30,0,2133,0,1657,35,3,3,6,3,2
City of Detroit AVCB 31,0,2312,0,1798,27,6,2,9,0,3
City of Detroit AVCB 32,0,2216,0,1515,34,4,1,7,1,0
City of Detroit AVCB 33,0,0,0,0,0,0,0,0,0,0
City of Detroit AVCB 34,0,1771,0,1372,19,3,1,6,1,0
City of Detroit AVCB 35,0,1784,0,1227,39,1,1,2,2,0
City of Detroit AVCB 36,0,2894,0,2047,48,11,4,11,8,3
City of Detroit AVCB 37,0,2179,0,1801,24,5,2,9,0,2
City of Detroit AVCB 38,0,2719,0,2278,44,3,9,9,3,2
City of Detroit AVCB 39,0,2314,0,1665,55,8,3,8,1,2
City of Detroit AVCB 40,0,2182,0,1653,34,0,2,5,4,1
City of Detroit AVCB 41,0,1780,0,1412,26,3,2,2,0,0
City of Detroit AVCB 42,0,1182,0,967,22,1,1,3,0,0
City of Detroit AVCB 43,0,1651,0,1332,16,1,2,2,1,0
City of Detroit AVCB 44,0,1551,0,1262,11,3,0,2,1,2
City of Detroit AVCB 45,0,1396,0,1153,14,2,0,8,1,0
City of Detroit AVCB 46,0,1477,0,1197,25,3,4,8,5,1
City of Detroit AVCB 47,0,1184,0,974,13,5,1,4,1,0
City of Detroit AVCB 48,0,1076,0,890,17,1,3,2,2,0
City of Detroit AVCB 49,0,998,0,822,19,1,3,2,1,2
City of Detroit AVCB 50,0,1716,0,1365,23,5,3,6,3,2
City of Detroit AVCB 51,0,1915,0,1586,27,1,3,8,0,1
City of Detroit AVCB 52,0,2074,0,1682,53,1,1,14,5,2
City of Detroit AVCB 53,0,1151,0,949,23,2,2,4,1,0
City of Detroit AVCB 54,0,1002,0,794,26,7,4,6,0,0
City of Detroit AVCB 55,0,2458,0,2076,110,2,6,4,6,3
City of Detroit AVCB 56,0,1466,0,1183,19,1,2,3,1,1
City of Detroit AVCB 57,0,0,0,0,0,0,0,0,0,0
City of Detroit AVCB 58,0,0,0,0,0,0,0,0,0,0
City of Detroit AVCB 59,0,1033,0,860,14,0,3,6,3,1
City of Detroit AVCB 60,0,1346,0,1132,25,2,0,7,4,0
City of Detroit AVCB 61,0,574,0,492,9,1,0,1,1,2
City of Detroit AVCB 62,0,2289,0,1765,70,7,1,9,1,2
City of Detroit AVCB 63,0,1959,0,1521,49,3,6,15,2,1
City of Detroit AVCB 64,0,1806,0,1484,35,3,6,13,2,0
City of Detroit AVCB 65,0,2132,0,1690,33,2,6,8,3,0
City of Detroit AVCB 66,0,1702,0,1431,22,2,3,4,2,0
City of Detroit AVCB 67,0,1639,0,1391,16,2,5,4,0,3
City of Detroit AVCB 68,0,1267,0,1035,17,2,3,4,3,0
City of Detroit AVCB 69,0,1102,0,933,14,2,2,6,0,1
City of Detroit AVCB 70,0,918,0,767,12,2,3,6,4,1
City of Detroit AVCB 71,0,465,0,377,11,0,0,0,1,0
City of Detroit AVCB 72,0,1544,0,1178,13,3,1,5,3,3
City of Detroit AVCB 73,0,1705,0,1295,32,2,4,1,2,0
City of Detroit AVCB 74,0,1341,0,970,34,2,0,2,4,1
City of Detroit AVCB 75,0,2097,0,1413,39,1,0,4,2,0
City of Detroit AVCB 76,0,585,0,508,2,0,1,2,2,0
City of Detroit AVCB 77,0,1895,0,1493,28,7,4,8,3,1
City of Detroit AVCB 78,0,1746,0,1385,25,1,2,9,3,2
City of Detroit AVCB 79,0,1241,0,1002,16,1,3,4,1,2
City of Detroit AVCB 80,0,732,0,567,11,0,0,6,0,2
City of Detroit AVCB 81,0,1013,0,817,18,1,2,2,0,3
City of Detroit AVCB 82,0,897,0,527,49,0,3,0,1,0
City of Detroit AVCB 83,0,1145,0,714,64,5,1,3,1,1
City of Detroit AVCB 84,0,1095,0,754,60,5,3,4,1,1
City of Detroit AVCB 85,0,705,0,465,23,3,0,0,0,0
City of Detroit AVCB 86,0,1757,0,1160,56,1,0,6,3,2
City of Detroit AVCB 87,0,1507,0,1096,92,5,1,3,3,1
City of Detroit AVCB 88,0,2241,0,1600,173,13,4,17,6,6
City of Detroit AVCB 89,0,2221,0,1717,59,6,6,2,5,0
City of Detroit AVCB 90,0,447,0,361,5,1,2,2,0,1
City of Detroit AVCB 91,0,525,0,447,8,1,0,2,2,0
City of Detroit AVCB 92,0,909,0,743,13,1,1,3,4,1
City of Detroit AVCB 93,0,987,0,823,13,2,1,1,1,0
City of Detroit AVCB 94,0,1437,0,1132,18,1,5,6,3,1
City of Detroit AVCB 95,0,1742,0,1449,20,3,3,8,1,4
City of Detroit AVCB 96,0,976,0,804,9,2,2,1,3,2
City of Detroit AVCB 97,0,338,0,264,2,0,2,0,0,1
City of Detroit AVCB 98,0,363,0,307,4,0,0,1,1,0
City of Detroit AVCB 99,0,373,0,284,3,1,2,0,0,0
City of Detroit AVCB 100,0,152,0,109,7,0,0,1,0,0
City of Detroit AVCB 101,0,201,0,171,1,0,0,0,0,0
City of Detroit AVCB 102,0,369,0,293,5,1,2,3,0,0
City of Detroit AVCB 103,0,196,0,155,1,0,0,0,0,0
City of Detroit AVCB 104,0,298,0,213,8,0,0,0,0,0
City of Detroit AVCB 105,0,6,0,4,0,0,0,0,0,0
City of Detroit AVCB 106,0,12,0,11,0,0,0,0,0,0
City of Detroit AVCB 107,0,178,0,145,2,0,0,0,1,1
City of Detroit AVCB 108,0,353,0,285,5,0,0,1,0,1
City of Detroit AVCB 109,0,413,0,337,0,1,0,1,0,1
City of Detroit AVCB 110,0,217,0,169,12,0,1,2,0,0
City of Detroit AVCB 111,0,56,0,42,0,0,0,0,0,0
City of Detroit AVCB 112,0,359,0,284,8,0,3,2,1,2
City of Detroit AVCB 113,0,3,0,3,0,0,0,0,0,0
City of Detroit AVCB 114,0,354,0,248,11,2,1,1,0,0
City of Detroit AVCB 115,0,70,0,51,2,0,0,0,0,1
City of Detroit AVCB 116,0,342,0,273,7,0,0,2,0,1
City of Detroit AVCB 117,0,451,0,353,5,0,1,1,2,2
City of Detroit AVCB 118,0,23,0,20,0,0,0,0,0,0
City of Detroit AVCB 119,0,167,0,139,2,1,0,1,0,0
City of Detroit AVCB 120,0,664,0,441,13,1,0,1,3,0
City of Detroit AVCB 121,0,251,0,208,3,1,1,2,1,1
City of Detroit AVCB 122,0,511,0,324,9,0,1,1,0,1
City of Detroit AVCB 123,0,245,0,200,3,0,0,1,1,0
City of Detroit AVCB 124,0,292,0,231,5,0,0,1,0,1
City of Detroit AVCB 125,0,7,0,4,0,0,0,0,0,0
City of Detroit AVCB 126,0,66,0,43,0,0,1,0,0,0
City of Detroit AVCB 127,0,4,0,3,0,0,0,0,0,0
City of Detroit AVCB 128,0,156,0,115,13,1,0,0,0,0
City of Detroit AVCB 129,0,19,0,14,1,0,0,0,0,0
City of Detroit AVCB 130,0,273,0,232,0,2,0,2,1,1
City of Detroit AVCB 131,0,144,0,126,2,0,0,1,0,0
City of Detroit AVCB 132,0,118,0,96,1,0,0,0,1,0
City of Detroit AVCB 133,0,324,0,260,3,1,0,0,0,0
City of Detroit AVCB 134,0,356,0,304,3,0,0,2,1,2
City of Detroit Precinct 1,749,114,15.22,84,0,1,0,1,0,0
City of Detroit Precinct 2,1141,161,14.11,108,4,3,0,2,1,0
City of Detroit Precinct 3,1207,180,14.91,136,6,1,1,2,1,1
City of Detroit Precinct 4,798,122,15.29,93,1,0,2,1,2,0
City of Detroit Precinct 5,876,108,12.33,89,3,0,0,1,0,0
City of Detroit Precinct 6,1050,197,18.76,157,3,0,0,0,0,0
City of Detroit Precinct 7,1638,217,13.25,142,13,0,1,1,0,1
City of Detroit Precinct 8,1331,222,16.68,151,12,3,3,1,1,1
City of Detroit Precinct 9,558,94,16.85,73,3,1,0,2,1,0
City of Detroit Precinct 10,984,149,15.14,126,2,0,1,0,0,0
City of Detroit Precinct 11,141,27,19.15,19,2,0,0,0,1,0
City of Detroit Precinct 12,1054,170,16.13,132,10,2,0,0,0,0
City of Detroit Precinct 13,874,115,13.16,87,5,0,0,0,0,1
City of Detroit Precinct 14,735,152,20.68,127,1,0,1,2,0,0
City of Detroit Precinct 15,1104,196,17.75,160,5,1,0,1,0,1
City of Detroit Precinct 16,1045,177,16.94,138,6,0,0,2,0,1
City of Detroit Precinct 17,758,184,24.27,145,7,0,0,0,1,0
City of Detroit Precinct 18,1572,329,20.93,266,10,1,0,3,0,1
City of Detroit Precinct 19,1054,187,17.74,140,15,1,0,2,0,0
City of Detroit Precinct 20,1389,349,25.13,267,14,0,2,3,0,0
City of Detroit Precinct 21,875,204,23.31,138,25,0,0,4,0,0
City of Detroit Precinct 22,1276,219,17.16,138,24,2,2,0,0,0
City of Detroit Precinct 23,1182,224,18.95,157,7,0,1,2,0,1
City of Detroit Precinct 24,534,111,20.79,85,6,1,1,0,0,0
City of Detroit Precinct 25,1100,203,18.45,159,7,0,0,1,1,1
City of Detroit Precinct 26,1234,249,20.18,211,5,1,0,0,0,1
City of Detroit Precinct 27,1229,154,12.53,129,5,2,0,1,1,0
City of Detroit Precinct 28,208,25,12.02,17,2,0,0,0,0,0
City of Detroit Precinct 29,834,100,11.99,75,2,0,0,2,0,0
City of Detroit Precinct 30,858,126,14.69,97,7,0,0,1,0,0
City of Detroit Precinct 31,1375,262,19.05,175,5,0,2,1,3,1
City of Detroit Precinct 32,793,142,17.91,99,3,1,1,1,0,0
City of Detroit Precinct 33,1296,234,18.06,172,11,1,1,1,1,0
City of Detroit Precinct 34,1666,271,16.27,163,14,1,1,0,2,0
City of Detroit Precinct 35,598,119,19.9,102,1,1,1,0,1,1
City of Detroit Precinct 36,394,52,13.2,41,0,0,0,0,0,0
City of Detroit Precinct 37,1279,250,19.55,207,13,0,2,1,0,1
City of Detroit Precinct 38,997,200,20.06,153,7,1,0,0,0,1
City of Detroit Precinct 39,1367,246,18,206,6,1,1,3,0,0
City of Detroit Precinct 40,1005,190,18.91,148,0,3,2,1,0,1
City of Detroit Precinct 41,936,155,16.56,125,4,0,1,0,0,2
City of Detroit Precinct 42,646,124,19.2,89,6,1,0,1,0,0
City of Detroit Precinct 43,1446,280,19.36,225,8,0,2,0,3,3
City of Detroit Precinct 44,1278,201,15.73,162,4,0,0,1,0,0
City of Detroit Precinct 45,1445,205,14.19,147,11,0,3,4,1,1
City of Detroit Precinct 46,540,79,14.63,60,2,0,1,1,0,0
City of Detroit Precinct 47,1280,213,16.64,165,5,1,1,2,2,1
City of Detroit Precinct 48,273,45,16.48,34,3,0,1,0,0,0
City of Detroit Precinct 49,959,133,13.87,108,2,0,2,1,0,0
City of Detroit Precinct 50,928,129,13.9,103,4,0,1,2,0,2
City of Detroit Precinct 51,977,186,19.04,144,4,1,1,3,1,2
City of Detroit Precinct 52,1176,176,14.97,145,4,1,2,0,1,0
City of Detroit Precinct 53,1342,206,15.35,163,10,0,0,2,0,1
City of Detroit Precinct 54,552,101,18.3,84,3,1,1,0,0,0
City of Detroit Precinct 55,1197,174,14.54,143,4,0,1,2,0,0
City of Detroit Precinct 56,907,165,18.19,137,5,0,0,0,0,0
City of Detroit Precinct 57,745,113,15.17,90,1,1,0,0,1,0
City of Detroit Precinct 58,737,88,11.94,72,3,0,0,0,0,0
City of Detroit Precinct 59,765,149,19.48,114,8,0,0,1,0,1
City of Detroit Precinct 60,1170,197,16.84,163,8,1,2,0,1,0
City of Detroit Precinct 61,952,124,13.03,91,3,0,1,0,1,1
City of Detroit Precinct 62,483,73,15.11,55,6,0,0,0,1,0
City of Detroit Precinct 63,1458,303,20.78,233,11,0,2,3,0,0
City of Detroit Precinct 64,916,141,15.39,114,5,1,0,4,0,1
City of Detroit Precinct 65,1125,220,19.56,154,9,0,2,2,0,1
City of Detroit Precinct 66,1591,214,13.45,167,12,3,0,1,0,0
City of Detroit Precinct 67,896,142,15.85,105,13,0,0,0,0,0
City of Detroit Precinct 68,1618,268,16.56,181,8,0,0,1,0,0
City of Detroit Precinct 69,1164,187,16.07,158,9,0,0,0,0,0
City of Detroit Precinct 70,773,154,19.92,116,7,0,3,1,0,0
City of Detroit Precinct 71,1230,213,17.32,164,10,1,0,2,0,0
City of Detroit Precinct 72,1119,201,17.96,159,12,0,3,0,0,0
City of Detroit Precinct 73,1128,170,15.07,143,8,1,0,1,1,0
City of Detroit Precinct 74,1098,168,15.3,134,3,2,3,1,1,1
City of Detroit Precinct 75,1358,182,13.4,134,6,0,2,1,1,0
City of Detroit Precinct 76,429,61,14.22,51,0,0,0,1,0,0
City of Detroit Precinct 77,551,76,13.79,67,3,0,0,0,0,0
City of Detroit Precinct 78,511,65,12.72,50,4,0,0,2,0,0
City of Detroit Precinct 79,934,159,17.02,129,9,1,0,4,1,0
City of Detroit Precinct 80,1023,194,18.96,153,3,1,1,1,0,1
City of Detroit Precinct 81,1520,326,21.45,249,9,3,1,2,0,2
City of Detroit Precinct 82,1359,225,16.56,180,8,1,0,2,2,1
City of Detroit Precinct 83,1637,308,18.81,260,9,1,2,3,0,2
City of Detroit Precinct 84,1655,353,21.33,266,21,1,2,2,2,0
City of Detroit Precinct 85,789,198,25.1,165,9,2,1,0,0,1
City of Detroit Precinct 86,1273,200,15.71,156,6,1,2,2,0,0
City of Detroit Precinct 87,167,16,9.58,15,0,0,0,0,0,0
City of Detroit Precinct 88,1357,179,13.19,145,6,1,0,1,1,2
City of Detroit Precinct 89,774,109,14.08,92,4,2,0,2,1,0
City of Detroit Precinct 90,13,0,0,0,0,0,0,0,0,0
City of Detroit Precinct 91,1290,282,21.86,224,13,0,2,1,1,0
City of Detroit Precinct 92,1050,232,22.1,175,25,0,1,1,0,0
City of Detroit Precinct 93,795,117,14.72,103,0,0,1,0,1,0
City of Detroit Precinct 94,1232,243,19.72,201,14,2,1,5,0,0
City of Detroit Precinct 95,1189,230,19.34,167,25,0,0,2,0,1
City of Detroit Precinct 96,780,139,17.82,110,6,0,0,2,1,0
City of Detroit Precinct 97,795,97,12.2,80,3,1,0,1,0,0
City of Detroit Precinct 98,1117,188,16.83,144,16,0,1,1,1,0
City of Detroit Precinct 99,293,63,21.5,44,5,0,1,0,0,0
City of Detroit Precinct 100,526,74,14.07,57,2,0,1,0,1,0
City of Detroit Precinct 101,67,10,14.93,7,0,0,0,1,0,0
City of Detroit Precinct 102,727,127,17.47,108,4,0,0,1,0,0
City of Detroit Precinct 103,673,110,16.34,92,1,0,0,0,0,0
City of Detroit Precinct 104,468,61,13.03,54,1,0,0,0,0,1
City of Detroit Precinct 105,435,79,18.16,66,2,0,2,0,0,0
City of Detroit Precinct 106,1271,157,12.35,138,2,1,2,4,0,0
City of Detroit Precinct 107,441,80,18.14,68,3,0,0,1,0,0
City of Detroit Precinct 108,879,187,21.27,144,3,0,0,1,0,2
City of Detroit Precinct 109,1,0,0,0,0,0,0,0,0,0
City of Detroit Precinct 110,1334,146,10.94,117,5,2,0,2,1,1
City of Detroit Precinct 111,1045,179,17.13,149,3,1,5,1,0,1
City of Detroit Precinct 112,691,122,17.66,97,3,3,1,0,0,2
City of Detroit Precinct 113,653,108,16.54,90,1,0,0,0,1,0
City of Detroit Precinct 114,638,122,19.12,97,8,0,2,1,0,0
City of Detroit Precinct 115,1516,243,16.03,193,6,0,2,3,0,0
City of Detroit Precinct 116,791,160,20.23,130,6,1,1,3,0,0
City of Detroit Precinct 117,568,82,14.44,64,2,1,1,1,0,0
City of Detroit Precinct 118,1114,163,14.63,137,3,0,0,2,0,0
City of Detroit Precinct 119,853,99,11.61,78,0,0,1,0,0,0
City of Detroit Precinct 120,797,132,16.56,108,2,0,2,1,0,2
City of Detroit Precinct 121,1022,135,13.21,102,4,0,0,0,0,0
City of Detroit Precinct 122,724,82,11.33,62,3,0,0,0,1,1
City of Detroit Precinct 123,1430,193,13.5,93,14,1,0,0,0,0
City of Detroit Precinct 124,1616,157,9.72,83,16,0,0,0,0,0
City of Detroit Precinct 125,999,99,9.91,67,3,0,0,0,0,1
City of Detroit Precinct 126,1517,199,13.12,110,12,2,0,0,0,2
City of Detroit Precinct 127,815,106,13.01,69,3,0,0,2,0,0
City of Detroit Precinct 128,1094,172,15.72,132,8,0,1,1,0,0
City of Detroit Precinct 129,886,132,14.9,85,7,0,1,0,1,1
City of Detroit Precinct 130,845,121,14.32,98,5,0,0,0,0,0
City of Detroit Precinct 131,1050,172,16.38,119,6,0,0,2,0,0
City of Detroit Precinct 132,1816,173,9.53,100,12,0,0,0,0,0
City of Detroit Precinct 133,1421,186,13.09,84,9,2,1,0,0,0
City of Detroit Precinct 134,1315,146,11.1,70,6,1,1,1,0,1
City of Detroit Precinct 135,851,149,17.51,96,9,0,1,1,1,0
City of Detroit Precinct 136,1760,269,15.28,199,7,1,1,1,0,1
City of Detroit Precinct 137,853,108,12.66,72,9,0,1,1,0,1
City of Detroit Precinct 138,653,85,13.02,68,3,0,0,0,0,0
City of Detroit Precinct 139,1003,196,19.54,141,10,0,0,2,0,2
City of Detroit Precinct 140,451,88,19.51,74,2,0,0,0,0,0
City of Detroit Precinct 141,1310,201,15.34,167,5,1,1,4,1,0
City of Detroit Precinct 142,720,112,15.56,75,6,2,0,1,1,0
City of Detroit Precinct 143,1080,192,17.78,108,18,1,0,0,0,0
City of Detroit Precinct 144,1092,213,19.51,109,21,3,0,2,0,1
City of Detroit Precinct 145,916,156,17.03,73,19,2,0,0,0,0
City of Detroit Precinct 146,1255,154,12.27,96,7,0,0,2,0,0
City of Detroit Precinct 147,1727,294,17.02,241,12,1,1,0,1,0
City of Detroit Precinct 148,1,0,0,0,0,0,0,0,0,0
City of Detroit Precinct 149,1104,177,16.03,107,9,2,0,0,1,0
City of Detroit Precinct 150,1220,171,14.02,114,10,1,0,1,0,0
City of Detroit Precinct 151,1137,167,14.69,117,8,2,0,0,0,1
City of Detroit Precinct 152,699,94,13.45,42,7,0,0,1,0,0
City of Detroit Precinct 153,791,85,10.75,38,10,0,0,1,0,0
City of Detroit Precinct 154,394,63,15.99,26,7,0,0,0,0,0
City of Detroit Precinct 155,554,51,9.21,20,4,1,0,0,0,0
City of Detroit Precinct 156,1348,216,16.02,178,5,0,2,1,0,0
City of Detroit Precinct 157,1508,220,14.59,93,28,1,1,1,2,0
City of Detroit Precinct 158,1544,250,16.19,156,10,0,0,1,0,0
City of Detroit Precinct 159,939,136,14.48,78,3,0,1,1,0,0
City of Detroit Precinct 160,1167,186,15.94,121,4,0,1,2,1,0
City of Detroit Precinct 161,1426,211,14.8,127,12,0,0,2,1,1
City of Detroit Precinct 162,430,70,16.28,45,5,0,0,0,0,0
City of Detroit Precinct 163,1496,181,12.1,139,10,1,1,2,0,0
City of Detroit Precinct 164,1467,225,15.34,143,8,1,0,1,0,0
City of Detroit Precinct 165,729,95,13.03,77,1,0,0,2,1,0
City of Detroit Precinct 166,1047,175,16.71,109,13,0,0,2,0,0
City of Detroit Precinct 167,1318,222,16.84,152,7,2,0,1,0,1
City of Detroit Precinct 168,880,142,16.14,97,6,0,1,2,0,0
City of Detroit Precinct 169,754,97,12.86,62,5,0,2,1,0,0
City of Detroit Precinct 170,739,142,19.22,106,1,1,1,2,0,0
City of Detroit Precinct 171,554,86,15.52,58,3,0,1,3,0,0
City of Detroit Precinct 172,953,132,13.85,92,11,0,0,1,1,1
City of Detroit Precinct 173,296,47,15.88,37,1,0,0,0,0,0
City of Detroit Precinct 174,858,154,17.95,127,6,0,1,0,0,0
City of Detroit Precinct 175,541,118,21.81,95,5,1,0,0,0,0
City of Detroit Precinct 176,795,125,15.72,98,7,0,0,2,1,0
City of Detroit Precinct 177,1342,240,17.88,202,10,0,1,3,0,0
City of Detroit Precinct 178,1045,170,16.27,125,12,0,2,0,0,0
City of Detroit Precinct 179,1275,240,18.82,193,7,1,3,2,0,1
City of Detroit Precinct 180,344,69,20.06,57,0,0,0,1,0,0
City of Detroit Precinct 181,376,74,19.68,60,3,0,0,1,2,0
City of Detroit Precinct 182,1558,280,17.97,227,8,1,1,5,0,0
City of Detroit Precinct 183,779,154,19.77,122,6,0,0,0,1,0
City of Detroit Precinct 184,1758,245,13.94,204,4,1,1,3,0,0
City of Detroit Precinct 185,452,88,19.47,68,4,1,0,1,0,1
City of Detroit Precinct 186,671,94,14.01,66,4,0,0,3,0,0
City of Detroit Precinct 187,1006,183,18.19,147,2,1,0,1,1,0
City of Detroit Precinct 188,950,158,16.63,120,5,1,1,2,0,1
City of Detroit Precinct 189,899,163,18.13,132,6,0,2,0,1,0
City of Detroit Precinct 190,1054,184,17.46,158,3,0,1,2,0,0
City of Detroit Precinct 191,1168,196,16.78,160,4,2,2,2,1,1
City of Detroit Precinct 192,1105,177,16.02,140,5,0,0,1,0,1
City of Detroit Precinct 193,882,144,16.33,113,10,0,0,1,0,0
City of Detroit Precinct 194,877,152,17.33,116,5,0,2,1,0,1
City of Detroit Precinct 195,800,122,15.25,90,5,1,0,3,0,0
City of Detroit Precinct 196,1037,136,13.11,112,2,1,0,1,0,0
City of Detroit Precinct 197,478,76,15.9,64,5,0,0,1,0,0
City of Detroit Precinct 198,592,79,13.34,49,10,0,0,1,0,0
City of Detroit Precinct 199,719,76,10.57,54,5,0,1,0,0,0
City of Detroit Precinct 200,790,149,18.86,88,5,0,1,0,0,1
City of Detroit Precinct 201,1156,180,15.57,107,7,1,0,0,0,0
City of Detroit Precinct 202,950,127,13.37,57,10,0,0,1,0,0
City of Detroit Precinct 203,1039,128,12.32,62,9,0,0,0,0,0
City of Detroit Precinct 204,961,198,20.6,118,9,0,0,1,0,0
City of Detroit Precinct 205,683,111,16.25,72,4,0,0,3,1,0
City of Detroit Precinct 206,700,133,19,106,5,0,1,0,0,1
City of Detroit Precinct 207,1699,240,14.13,145,5,0,0,0,0,0
City of Detroit Precinct 208,1544,171,11.08,104,12,0,0,0,0,0
City of Detroit Precinct 209,1025,137,13.37,118,2,0,0,0,0,0
City of Detroit Precinct 210,723,133,18.4,101,6,0,1,0,0,0
City of Detroit Precinct 211,671,116,17.29,82,4,0,0,1,0,1
City of Detroit Precinct 212,1058,170,16.07,136,0,0,1,1,0,0
City of Detroit Precinct 213,847,132,15.58,109,1,0,0,2,0,0
City of Detroit Precinct 214,1012,202,19.96,143,8,1,2,4,1,0
City of Detroit Precinct 215,1411,233,16.51,186,7,1,2,2,1,0
City of Detroit Precinct 216,554,73,13.18,58,3,1,0,1,0,0
City of Detroit Precinct 217,1510,240,15.89,186,3,0,0,1,0,0
City of Detroit Precinct 218,812,106,13.05,87,2,0,1,0,0,0
City of Detroit Precinct 219,816,110,13.48,88,2,0,0,0,0,0
City of Detroit Precinct 220,1080,181,16.76,135,9,0,1,0,1,0
City of Detroit Precinct 221,1208,186,15.4,138,3,0,0,1,0,0
City of Detroit Precinct 222,579,93,16.06,74,0,0,0,1,0,0
City of Detroit Precinct 223,1504,210,13.96,161,3,0,0,0,1,0
City of Detroit Precinct 224,573,81,14.14,63,1,0,0,0,0,0
City of Detroit Precinct 225,1685,273,16.2,203,16,0,0,3,0,0
City of Detroit Precinct 226,965,116,12.02,78,2,1,0,1,0,0
City of Detroit Precinct 227,1080,191,17.69,143,3,0,0,3,0,0
City of Detroit Precinct 228,797,159,19.95,108,8,0,0,1,0,1
City of Detroit Precinct 229,1422,206,14.49,151,6,0,1,1,1,1
City of Detroit Precinct 230,1143,209,18.29,150,5,0,1,1,0,0
City of Detroit Precinct 231,1400,185,13.21,139,3,0,3,2,0,0
City of Detroit Precinct 232,1594,232,14.55,185,8,0,1,1,0,0
City of Detroit Precinct 233,1588,238,14.99,176,1,0,1,0,1,1
City of Detroit Precinct 234,1082,192,17.74,128,9,1,2,2,0,0
City of Detroit Precinct 235,717,122,17.02,87,5,0,0,0,0,1
City of Detroit Precinct 236,1615,237,14.67,176,3,1,0,0,1,1
City of Detroit Precinct 237,1319,240,18.2,161,11,0,0,1,1,0
City of Detroit Precinct 238,960,178,18.54,134,10,2,1,2,0,0
City of Detroit Precinct 239,902,166,18.4,108,3,0,0,1,1,0
City of Detroit Precinct 240,951,182,19.14,131,5,2,0,0,0,1
City of Detroit Precinct 241,1102,183,16.61,139,4,1,1,0,0,0
City of Detroit Precinct 242,1366,214,15.67,166,6,2,2,2,0,1
City of Detroit Precinct 243,735,93,12.65,72,5,0,0,1,0,1
City of Detroit Precinct 244,1386,199,14.36,170,6,1,0,0,0,0
City of Detroit Precinct 245,1545,220,14.24,158,5,1,1,2,3,0
City of Detroit Precinct 246,950,217,22.84,166,8,1,1,1,1,0
City of Detroit Precinct 247,877,159,18.13,118,3,0,0,1,1,0
City of Detroit Precinct 248,714,118,16.53,97,2,0,0,0,0,0
City of Detroit Precinct 249,1318,211,16.01,173,2,1,0,1,2,0
City of Detroit Precinct 250,1468,235,16.01,179,5,0,1,1,0,1
City of Detroit Precinct 251,885,143,16.16,116,4,0,0,1,0,0
City of Detroit Precinct 252,963,127,13.19,107,1,0,0,1,0,0
City of Detroit Precinct 253,959,151,15.75,125,1,0,0,1,1,0
City of Detroit Precinct 254,1412,235,16.64,194,9,1,1,0,0,1
City of Detroit Precinct 255,652,105,16.1,74,4,1,2,0,0,0
City of Detroit Precinct 256,873,175,20.05,120,6,0,2,3,1,1
City of Detroit Precinct 257,1753,252,14.38,175,6,1,1,3,0,1
City of Detroit Precinct 258,1415,223,15.76,156,9,1,1,3,0,0
City of Detroit Precinct 259,1184,228,19.26,168,2,3,2,3,2,0
City of Detroit Precinct 260,1145,166,14.5,116,7,1,2,1,0,2
City of Detroit Precinct 261,796,150,18.84,92,10,0,0,0,0,0
City of Detroit Precinct 262,945,143,15.13,95,7,1,0,1,0,1
City of Detroit Precinct 263,1626,224,13.78,177,2,0,0,0,1,0
City of Detroit Precinct 264,1294,185,14.3,123,15,0,1,0,1,0
City of Detroit Precinct 265,1781,280,15.72,204,10,1,1,3,0,0
City of Detroit Precinct 266,557,94,16.88,71,5,1,0,0,0,0
City of Detroit Precinct 267,613,114,18.6,90,2,0,0,0,0,0
City of Detroit Precinct 268,758,133,17.55,104,8,0,0,1,1,0
City of Detroit Precinct 269,640,79,12.34,59,4,1,1,0,0,0
City of Detroit Precinct 270,528,56,10.61,47,0,0,0,0,0,1
City of Detroit Precinct 271,1459,223,15.28,171,6,0,2,3,0,1
City of Detroit Precinct 272,606,101,16.67,77,5,0,0,0,1,0
City of Detroit Precinct 273,546,97,17.77,73,2,0,1,1,0,1
City of Detroit Precinct 274,955,139,14.55,103,7,0,3,1,3,0
City of Detroit Precinct 275,1001,149,14.89,114,5,0,0,2,0,0
City of Detroit Precinct 276,1820,300,16.48,217,13,1,1,3,1,0
City of Detroit Precinct 277,714,109,15.27,83,7,0,0,1,1,0
City of Detroit Precinct 278,1024,163,15.92,123,4,1,0,0,1,0
City of Detroit Precinct 279,1516,174,11.48,115,6,0,1,3,1,0
City of Detroit Precinct 280,1201,198,16.49,159,5,0,0,1,2,1
City of Detroit Precinct 281,1551,244,15.73,169,6,2,1,2,2,1
City of Detroit Precinct 282,1161,232,19.98,194,2,1,0,1,0,1
City of Detroit Precinct 283,709,110,15.51,92,1,0,1,0,0,0
City of Detroit Precinct 284,1181,166,14.06,126,4,0,0,1,0,0
City of Detroit Precinct 285,1269,245,19.31,176,11,0,0,3,2,0
City of Detroit Precinct 286,1466,239,16.3,168,9,1,1,1,0,2
City of Detroit Precinct 287,1529,286,18.71,226,8,0,2,2,2,0
City of Detroit Precinct 288,1394,253,18.15,188,14,2,1,2,0,0
City of Detroit Precinct 289,904,180,19.91,143,4,0,0,1,0,0
City of Detroit Precinct 290,848,140,16.51,117,4,0,1,1,0,0
City of Detroit Precinct 291,1260,201,15.95,163,3,2,3,0,0,0
City of Detroit Precinct 292,1350,208,15.41,180,4,1,0,2,0,0
City of Detroit Precinct 293,865,183,21.16,153,6,0,1,1,0,0
City of Detroit Precinct 294,1332,218,16.37,176,6,0,1,3,0,1
City of Detroit Precinct 295,802,162,20.2,125,9,0,1,1,0,1
City of Detroit Precinct 296,1076,160,14.87,121,5,1,2,2,0,0
City of Detroit Precinct 297,1459,234,16.04,184,7,0,1,1,0,1
City of Detroit Precinct 298,1637,319,19.49,221,24,1,0,5,1,1
City of Detroit Precinct 299,663,110,16.59,85,4,0,0,0,2,0
City of Detroit Precinct 300,1179,191,16.2,131,26,0,1,3,1,0
City of Detroit Precinct 301,683,128,18.74,93,16,0,0,0,0,0
City of Detroit Precinct 302,823,133,16.16,90,8,0,0,2,1,1
City of Detroit Precinct 303,724,153,21.13,100,17,0,0,0,0,0
City of Detroit Precinct 304,907,114,12.57,82,7,1,2,3,0,0
City of Detroit Precinct 305,1524,202,13.25,157,3,1,1,1,0,0
City of Detroit Precinct 306,1504,314,20.88,224,30,1,0,3,1,1
City of Detroit Precinct 307,1150,174,15.13,117,4,0,0,2,0,0
City of Detroit Precinct 308,1366,204,14.93,116,6,1,0,0,0,0
City of Detroit Precinct 309,782,164,20.97,112,6,0,0,1,2,0
City of Detroit Precinct 310,816,169,20.71,111,8,1,1,1,0,0
City of Detroit Precinct 311,1370,286,20.88,225,10,1,4,2,0,0
City of Detroit Precinct 312,1570,279,17.77,213,6,1,4,2,1,1
City of Detroit Precinct 313,839,114,13.59,95,3,1,0,0,0,0
City of Detroit Precinct 314,857,155,18.09,117,3,0,1,1,0,0
City of Detroit Precinct 315,1687,287,17.01,219,5,0,1,2,2,2
City of Detroit Precinct 316,1401,223,15.92,172,6,1,1,1,1,0
City of Detroit Precinct 317,780,169,21.67,129,5,1,2,2,0,1
City of Detroit Precinct 318,839,133,15.85,105,2,0,1,0,0,0
City of Detroit Precinct 319,912,176,19.3,130,5,0,1,0,1,0
City of Detroit Precinct 320,867,155,17.88,115,8,0,0,1,1,1
City of Detroit Precinct 321,1219,213,17.47,162,7,1,5,1,3,1
City of Detroit Precinct 322,629,69,10.97,53,4,0,0,0,0,0
City of Detroit Precinct 323,1654,218,13.18,149,2,1,0,2,0,1
City of Detroit Precinct 324,1446,187,12.93,128,8,0,1,2,0,0
City of Detroit Precinct 325,1085,186,17.14,141,7,2,0,1,0,0
City of Detroit Precinct 326,755,127,16.82,80,2,0,0,2,0,0
City of Detroit Precinct 327,921,182,19.76,153,3,1,1,1,0,0
City of Detroit Precinct 328,1137,207,18.21,147,6,0,0,0,0,0
City of Detroit Precinct 329,977,173,17.71,131,6,1,1,1,0,0
City of Detroit Precinct 330,1816,370,20.37,300,13,1,2,4,1,1
City of Detroit Precinct 331,1123,190,16.92,149,11,1,0,0,0,1
City of Detroit Precinct 332,869,163,18.76,123,6,2,0,0,0,0
City of Detroit Precinct 333,1056,168,15.91,131,5,2,0,0,0,1
City of Detroit Precinct 334,749,166,22.16,124,3,1,3,1,1,0
City of Detroit Precinct 335,1283,240,18.71,186,11,0,0,5,1,1
City of Detroit Precinct 336,1244,242,19.45,177,23,0,0,2,3,0
City of Detroit Precinct 337,1172,227,19.37,151,17,2,3,3,0,0
City of Detroit Precinct 338,1569,286,18.23,191,44,2,0,1,1,2
City of Detroit Precinct 339,1202,189,15.72,144,13,0,0,1,0,0
City of Detroit Precinct 340,594,154,25.93,114,10,1,0,5,2,0
City of Detroit Precinct 341,1557,303,19.46,241,7,0,2,4,3,0
City of Detroit Precinct 342,1525,290,19.02,199,29,3,2,2,2,0
City of Detroit Precinct 343,1498,338,22.56,253,18,3,3,2,1,0
City of Detroit Precinct 344,1477,280,18.96,227,9,0,2,1,0,0
City of Detroit Precinct 345,1742,291,16.7,225,7,0,2,3,0,0
City of Detroit Precinct 346,1115,211,18.92,141,3,0,2,0,0,0
City of Detroit Precinct 347,1808,258,14.27,201,7,1,2,0,0,0
City of Detroit Precinct 348,970,162,16.7,126,7,0,2,0,0,0
City of Detroit Precinct 349,659,116,17.6,95,5,3,1,1,0,0
City of Detroit Precinct 350,593,66,11.13,46,3,0,1,3,0,0
City of Detroit Precinct 351,923,148,16.03,106,4,2,0,0,1,1
City of Detroit Precinct 352,1827,303,16.58,230,14,1,2,5,1,1
City of Detroit Precinct 353,439,66,15.03,50,3,0,0,0,1,1
City of Detroit Precinct 354,1148,194,16.9,158,2,1,0,1,1,1
City of Detroit Precinct 355,1843,374,20.29,277,28,4,3,2,3,1
City of Detroit Precinct 356,1304,224,17.18,186,5,0,0,2,1,1
City of Detroit Precinct 357,696,117,16.81,93,5,1,0,1,1,0
City of Detroit Precinct 358,1148,137,11.93,119,2,0,0,3,2,0
City of Detroit Precinct 359,1204,202,16.78,168,4,1,1,0,0,1
City of Detroit Precinct 360,1309,230,17.57,158,7,3,0,1,0,0
City of Detroit Precinct 361,1562,236,15.11,170,6,1,1,4,0,1
City of Detroit Precinct 362,682,116,17.01,91,5,0,0,0,1,1
City of Detroit Precinct 363,1291,268,20.76,205,6,1,4,1,1,1
City of Detroit Precinct 364,656,102,15.55,75,3,0,1,3,0,0
City of Detroit Precinct 365,719,132,18.36,109,4,0,1,1,0,0
City of Detroit Precinct 366,779,139,17.84,112,2,1,0,1,0,0
City of Detroit Precinct 367,894,161,18.01,136,4,1,1,1,0,0
City of Detroit Precinct 368,1218,197,16.17,156,4,1,3,1,2,0
City of Detroit Precinct 369,1751,275,15.71,222,8,1,3,1,1,0
City of Detroit Precinct 370,1021,160,15.67,133,4,1,1,0,0,0
City of Detroit Precinct 371,1128,183,16.22,145,6,0,0,2,1,0
City of Detroit Precinct 372,555,101,18.2,80,2,1,0,1,0,1
City of Detroit Precinct 373,1048,175,16.7,132,6,1,1,2,0,1
City of Detroit Precinct 374,1211,197,16.27,163,5,2,1,8,1,0
City of Detroit Precinct 375,1437,264,18.37,191,18,0,0,2,0,1
City of Detroit Precinct 376,1278,219,17.14,153,26,0,2,1,0,0
City of Detroit Precinct 377,1201,235,19.57,154,28,2,4,2,0,3
City of Detroit Precinct 378,975,191,19.59,160,2,0,2,1,0,0
City of Detroit Precinct 379,1669,296,17.74,232,12,1,1,4,0,0
City of Detroit Precinct 380,1187,181,15.25,137,5,0,0,1,4,2
City of Detroit Precinct 381,1078,167,15.49,127,10,1,3,3,0,0
City of Detroit Precinct 382,732,116,15.85,88,5,1,2,1,0,1
City of Detroit Precinct 383,1257,192,15.27,148,4,3,1,1,0,0
City of Detroit Precinct 384,1665,265,15.92,199,15,1,2,3,1,1
City of Detroit Precinct 385,892,137,15.36,98,6,0,1,1,0,0
City of Detroit Precinct 386,1162,230,19.79,185,8,0,2,3,0,0
City of Detroit Precinct 387,1010,158,15.64,126,4,1,0,1,0,0
City of Detroit Precinct 388,527,96,18.22,73,4,0,0,2,0,1
City of Detroit Precinct 389,1134,218,19.22,177,8,4,0,1,0,0
City of Detroit Precinct 390,597,85,14.24,68,2,0,2,2,0,0
City of Detroit Precinct 391,532,77,14.47,61,4,0,0,1,0,0
City of Detroit Precinct 392,1156,174,15.05,137,3,0,1,1,1,1
City of Detroit Precinct 393,1188,168,14.14,140,3,1,1,0,0,1
City of Detroit Precinct 394,1123,182,16.21,143,8,2,1,2,1,1
City of Detroit Precinct 395,946,163,17.23,128,7,2,1,3,0,0
City of Detroit Precinct 396,977,118,12.08,94,3,0,0,0,0,1
City of Detroit Precinct 397,1178,159,13.5,123,6,2,1,2,2,0
City of Detroit Precinct 398,1252,211,16.85,156,6,1,1,2,1,0
City of Detroit Precinct 399,1379,184,13.34,143,6,1,2,1,0,0
City of Detroit Precinct 400,866,165,19.05,130,7,2,2,1,2,0
City of Detroit Precinct 401,902,152,16.85,124,2,0,0,2,1,0
City of Detroit Precinct 402,942,138,14.65,113,3,1,1,1,0,0
City of Detroit Precinct 403,1191,216,18.14,146,11,0,0,3,1,0
City of Detroit Precinct 404,764,134,17.54,108,3,0,2,1,0,0
City of Detroit Precinct 405,1163,204,17.54,150,2,1,1,0,1,0
City of Detroit Precinct 406,1268,127,10.02,97,5,2,1,2,0,0
City of Detroit Precinct 407,724,115,15.88,96,4,0,0,0,0,0
City of Detroit Precinct 408,1448,217,14.99,175,6,1,2,2,2,1
City of Detroit Precinct 409,1089,173,15.89,131,10,2,1,1,0,0
City of Detroit Precinct 410,1526,215,14.09,169,6,1,0,2,0,0
City of Detroit Precinct 411,592,124,20.95,94,4,1,1,1,0,0
City of Detroit Precinct 412,654,97,14.83,80,1,0,0,0,0,0
City of Detroit Precinct 413,1590,316,19.87,230,9,0,0,0,0,0
City of Detroit Precinct 414,620,124,20,98,3,0,1,0,0,0
City of Detroit Precinct 415,1208,211,17.47,167,3,2,2,2,0,0
City of Detroit Precinct 416,622,129,20.74,102,5,1,1,0,0,0
City of Detroit Precinct 417,668,124,18.56,94,2,0,1,3,1,0
City of Detroit Precinct 418,1261,214,16.97,175,3,0,2,0,1,2
City of Detroit Precinct 419,759,112,14.76,100,1,0,0,1,0,0
City of Detroit Precinct 420,668,139,20.81,106,6,0,1,1,0,0
City of Detroit Precinct 421,684,120,17.54,96,3,0,3,0,1,0
City of Detroit Precinct 422,1078,208,19.29,169,9,0,0,2,0,1
City of Detroit Precinct 423,1309,197,15.05,143,19,1,1,2,0,0
City of Detroit Precinct 424,1480,304,20.54,193,56,2,1,1,2,2
City of Detroit Precinct 425,1856,364,19.61,245,65,1,1,5,2,2
City of Detroit Precinct 426,566,100,17.67,78,2,0,2,2,0,2
City of Detroit Precinct 427,1099,210,19.11,143,9,3,0,1,0,0
City of Detroit Precinct 428,1316,267,20.29,199,9,1,2,3,2,0
City of Detroit Precinct 429,951,154,16.19,121,6,0,0,0,2,1
City of Detroit Precinct 430,664,87,13.1,65,3,0,1,0,0,0
City of Detroit Precinct 431,799,145,18.15,122,7,0,1,1,0,0
City of Detroit Precinct 432,1024,172,16.8,132,8,1,2,1,1,0
City of Detroit Precinct 433,856,131,15.3,90,5,1,3,1,0,0
City of Detroit Precinct 434,1014,135,13.31,93,4,0,0,1,3,0
City of Detroit Precinct 435,446,74,16.59,57,2,0,0,0,0,0
City of Detroit Precinct 436,1203,178,14.8,100,2,1,0,1,2,1
City of Detroit Precinct 437,829,167,20.14,123,6,0,0,3,1,1
City of Detroit Precinct 438,733,108,14.73,84,2,0,0,0,0,0
City of Detroit Precinct 439,760,127,16.71,96,4,2,0,1,1,0
City of Detroit Precinct 440,594,42,7.07,32,2,0,0,0,0,0
City of Detroit Precinct 441,33,6,18.18,4,2,0,0,0,0,0
City of Detroit Precinct 442,533,81,15.2,73,0,0,0,0,0,0
City of Detroit Precinct 443,115,14,12.17,12,0,0,0,0,0,0
City of Detroit Precinct 444,1020,119,11.67,88,0,1,2,1,0,1
City of Detroit Precinct 445,739,106,14.34,68,1,1,0,4,1,0
City of Detroit Precinct 446,834,130,15.59,99,1,0,1,0,1,0
City of Detroit Precinct 447,1251,226,18.07,168,8,0,0,4,0,0
City of Detroit Precinct 448,641,107,16.69,90,4,1,0,1,0,0
City of Detroit Precinct 449,1063,192,18.06,148,5,0,0,2,1,0
City of Detroit Precinct 450,30,8,26.67,8,0,0,0,0,0,0
City of Detroit Precinct 451,528,93,17.61,70,2,0,0,2,0,0
City of Detroit Precinct 452,734,116,15.8,87,9,0,1,1,0,1
City of Detroit Precinct 453,580,100,17.24,79,2,0,1,0,0,0
City of Detroit Precinct 454,50,0,0,0,0,0,0,0,0,0
City of Detroit Precinct 455,360,81,22.5,69,1,0,0,0,0,0
City of Detroit Precinct 456,324,52,16.05,36,1,0,1,0,0,0
City of Detroit Precinct 457,828,107,12.92,82,1,0,1,2,0,0
City of Detroit Precinct 458,19,5,26.32,5,0,0,0,0,0,0
City of Detroit Precinct 459,24,0,0,0,0,0,0,0,0,0
City of Detroit Precinct 460,1090,228,20.92,155,21,2,1,0,2,1
City of Detroit Precinct 461,1248,191,15.3,109,20,2,0,1,0,0
City of Detroit Precinct 462,738,143,19.38,93,6,0,1,1,0,0
City of Detroit Precinct 463,763,105,13.76,50,18,0,0,3,0,0
City of Detroit Precinct 464,1279,235,18.37,107,18,2,0,0,1,0
City of Detroit Precinct 465,226,56,24.78,30,3,1,0,0,0,0
City of Detroit Precinct 466,1550,306,19.74,238,15,0,0,6,1,0
City of Detroit Precinct 467,615,111,18.05,89,2,0,1,1,1,0
City of Detroit Precinct 468,455,134,29.45,103,4,0,2,1,0,1
City of Detroit Precinct 469,607,91,14.99,75,1,0,0,0,0,2
City of Detroit Precinct 470,1631,254,15.57,144,44,0,1,0,0,0
City of Detroit Precinct 471,84,18,21.43,7,5,0,0,0,0,0
City of Detroit Precinct 472,1387,213,15.36,125,38,1,0,0,1,0
City of Detroit Precinct 473,1816,247,13.6,135,45,2,2,0,1,0
City of Detroit Precinct 474,792,107,13.51,66,20,0,1,1,0,0
City of Detroit Precinct 475,1306,204,15.62,119,35,4,2,3,0,1
City of Detroit Precinct 476,1305,216,16.55,141,26,2,2,1,1,1
City of Detroit Precinct 477,1698,323,19.02,197,60,2,2,4,3,4
City of Detroit Precinct 478,450,64,14.22,35,15,1,1,1,0,0
City of Detroit Precinct 479,655,134,20.46,80,20,1,0,3,0,1
City of Detroit Precinct 480,1849,255,13.79,155,56,2,0,3,1,2
City of Detroit Precinct 481,1663,335,20.14,211,59,2,3,2,1,2
City of Detroit Precinct 482,1157,189,16.34,146,12,2,0,2,1,1
City of Detroit Precinct 483,1249,226,18.09,172,4,2,0,1,1,0
City of Detroit Precinct 484,1210,200,16.53,140,8,1,3,2,0,1
City of Detroit Precinct 485,1320,228,17.27,181,2,1,0,2,1,0
City of Detroit Precinct 486,474,61,12.87,45,2,0,0,2,0,0
City of Detroit Precinct 487,369,92,24.93,58,17,0,0,0,0,1
City of Detroit Precinct 488,1210,201,16.61,110,49,1,0,0,2,0
City of Detroit Precinct 489,641,110,17.16,55,29,1,2,2,1,2
City of Detroit Precinct 490,59,25,42.37,20,2,0,0,0,0,0
City of Detroit Precinct 491,1389,201,14.47,156,8,1,0,4,0,2
City of Detroit Precinct 492,796,132,16.58,111,4,0,0,0,1,0
City of Detroit Precinct 493,542,107,19.74,88,1,0,1,0,1,0
City of Detroit Precinct 494,461,51,11.06,40,2,0,0,0,0,0
City of Detroit Precinct 495,673,100,14.86,66,1,0,0,0,0,2
City of Detroit Precinct 496,814,124,15.23,70,7,1,0,0,0,0
City of Detroit Precinct 497,1018,170,16.7,131,1,0,0,4,1,0
City of Detroit Precinct 498,793,136,17.15,102,5,2,0,3,0,0
City of Detroit Precinct 499,773,129,16.69,83,13,0,0,0,0,1
City of Detroit Precinct 500,918,154,16.78,61,11,2,1,0,1,0
City of Detroit Precinct 501,936,166,17.74,115,6,3,1,0,0,0
City of Detroit Precinct 502,989,164,16.58,130,7,1,0,0,0,1
City of Detroit Precinct 503,185,25,13.51,20,0,0,1,0,0,0
City of Ecorse Precinct 1,0,0,0,0,0,0,0,0,0,0
City of Ecorse Precinct 2,0,0,0,0,0,0,0,0,0,0
City of Ecorse Precinct 3,0,0,0,0,0,0,0,0,0,0
City of Ecorse Precinct 4,0,0,0,0,0,0,0,0,0,0
City of Flat Rock Precinct 1,0,0,0,0,0,0,0,0,0,0
City of Flat Rock Precinct 2,0,0,0,0,0,0,0,0,0,0
City of Flat Rock Precinct 3,0,0,0,0,0,0,0,0,0,0
City of Flat Rock Precinct 4,0,0,0,0,0,0,0,0,0,0
City of Flat Rock Precinct 5,0,0,0,0,0,0,0,0,0,0
City of Garden City Precinct 1,0,0,0,0,0,0,0,0,0,0
City of Garden City Precinct 2,0,0,0,0,0,0,0,0,0,0
City of Garden City Precinct 3,0,0,0,0,0,0,0,0,0,0
City of Garden City Precinct 4,0,0,0,0,0,0,0,0,0,0
City of Garden City Precinct 5,0,0,0,0,0,0,0,0,0,0
City of Garden City Precinct 6,0,0,0,0,0,0,0,0,0,0
City of Garden City Precinct 7,0,0,0,0,0,0,0,0,0,0
City of Garden City Precinct 8,0,0,0,0,0,0,0,0,0,0
City of Garden City Precinct 9,0,0,0,0,0,0,0,0,0,0
City of Garden City Precinct 10,0,0,0,0,0,0,0,0,0,0
City of Gibraltar Precinct 1,0,0,0,0,0,0,0,0,0,0
City of Gibraltar Precinct 2,0,0,0,0,0,0,0,0,0,0
City of Grosse Pointe Farms Precinct 1,0,0,0,0,0,0,0,0,0,0
City of Grosse Pointe Farms Precinct 2,0,0,0,0,0,0,0,0,0,0
City of Grosse Pointe Farms Precinct 3,0,0,0,0,0,0,0,0,0,0
City of Grosse Pointe Farms Precinct 4,0,0,0,0,0,0,0,0,0,0
City of Grosse Pointe Farms Precinct 5,0,0,0,0,0,0,0,0,0,0
City of Grosse Pointe Park Precinct 1,0,0,0,0,0,0,0,0,0,0
City of Grosse Pointe Park Precinct 2,0,0,0,0,0,0,0,0,0,0
City of Grosse Pointe Park Precinct 3,0,0,0,0,0,0,0,0,0,0
City of Grosse Pointe Park Precinct 4,0,0,0,0,0,0,0,0,0,0
City of Grosse Pointe Park Precinct 5,0,0,0,0,0,0,0,0,0,0
City of Grosse Pointe Park Precinct 6,0,0,0,0,0,0,0,0,0,0
City of Grosse Pointe Park Precinct 7,0,0,0,0,0,0,0,0,0,0
City of Grosse Pointe Precinct 1,0,0,0,0,0,0,0,0,0,0
City of Grosse Pointe Precinct 2,0,0,0,0,0,0,0,0,0,0
City of Grosse Pointe Woods Precinct 1,0,0,0,0,0,0,0,0,0,0
City of Grosse Pointe Woods Precinct 2,0,0,0,0,0,0,0,0,0,0
City of Grosse Pointe Woods Precinct 3,0,0,0,0,0,0,0,0,0,0
City of Grosse Pointe Woods Precinct 4,0,0,0,0,0,0,0,0,0,0
City of Grosse Pointe Woods Precinct 5,0,0,0,0,0,0,0,0,0,0
City of Grosse Pointe Woods Precinct 6,0,0,0,0,0,0,0,0,0,0
City of Hamtramck Precinct 1,0,0,0,0,0,0,0,0,0,0
City of Hamtramck Precinct 2,0,0,0,0,0,0,0,0,0,0
City of Hamtramck Precinct 3,0,0,0,0,0,0,0,0,0,0
City of Hamtramck Precinct 4,0,0,0,0,0,0,0,0,0,0
City of Hamtramck Precinct 5,0,0,0,0,0,0,0,0,0,0
City of Hamtramck Precinct 6,0,0,0,0,0,0,0,0,0,0
City of Hamtramck Precinct 7,0,0,0,0,0,0,0,0,0,0
City of Harper Woods Precinct 1,0,0,0,0,0,0,0,0,0,0
City of Harper Woods Precinct 2,0,0,0,0,0,0,0,0,0,0
City of Harper Woods Precinct 3,0,0,0,0,0,0,0,0,0,0
City of Harper Woods Precinct 4,0,0,0,0,0,0,0,0,0,0
City of Harper Woods Precinct 5,0,0,0,0,0,0,0,0,0,0
City of Harper Woods Precinct 6,0,0,0,0,0,0,0,0,0,0
City of Highland Park Precinct 1,0,0,0,0,0,0,0,0,0,0
City of Highland Park Precinct 2,0,0,0,0,0,0,0,0,0,0
City of Highland Park Precinct 3,0,0,0,0,0,0,0,0,0,0
City of Highland Park Precinct 4,0,0,0,0,0,0,0,0,0,0
City of Highland Park Precinct 5,0,0,0,0,0,0,0,0,0,0
City of Highland Park Precinct 6,0,0,0,0,0,0,0,0,0,0
City of Inkster District 1 Precinct 1,0,0,0,0,0,0,0,0,0,0
City of Inkster District 1 Precinct 2,0,0,0,0,0,0,0,0,0,0
City of Inkster District 2 Precinct 1,0,0,0,0,0,0,0,0,0,0
City of Inkster District 2 Precinct 2,0,0,0,0,0,0,0,0,0,0
City of Inkster District 3 Precinct 1,0,0,0,0,0,0,0,0,0,0
City of Inkster District 3 Precinct 2,0,0,0,0,0,0,0,0,0,0
City of Inkster District 4 Precinct 1,0,0,0,0,0,0,0,0,0,0
City of Inkster District 4 Precinct 2,0,0,0,0,0,0,0,0,0,0
City of Inkster District 5 Precinct 1,0,0,0,0,0,0,0,0,0,0
City of Inkster District 6 Precinct 1,0,0,0,0,0,0,0,0,0,0
City of Inkster District 6 Precinct 2,0,0,0,0,0,0,0,0,0,0
City of Lincoln Park Precinct 2,0,0,0,0,0,0,0,0,0,0
City of Lincoln Park Precinct 4,0,0,0,0,0,0,0,0,0,0
City of Lincoln Park Precinct 6,0,0,0,0,0,0,0,0,0,0
City of Lincoln Park Precinct 8,0,0,0,0,0,0,0,0,0,0
City of Lincoln Park Precinct 10,0,0,0,0,0,0,0,0,0,0
City of Lincoln Park Precinct 12,0,0,0,0,0,0,0,0,0,0
City of Lincoln Park Precinct 14,0,0,0,0,0,0,0,0,0,0
City of Lincoln Park Precinct 16,0,0,0,0,0,0,0,0,0,0
City of Lincoln Park Precinct 18,0,0,0,0,0,0,0,0,0,0
City of Lincoln Park Precinct 20,0,0,0,0,0,0,0,0,0,0
City of Lincoln Park Precinct 22,0,0,0,0,0,0,0,0,0,0
City of Lincoln Park Precinct 24,0,0,0,0,0,0,0,0,0,0
City of Livonia Precinct 1A,0,0,0,0,0,0,0,0,0,0
City of Livonia Precinct 1B,0,0,0,0,0,0,0,0,0,0
City of Livonia Precinct 2A,0,0,0,0,0,0,0,0,0,0
City of Livonia Precinct 3A,0,0,0,0,0,0,0,0,0,0
City of Livonia Precinct 3B,0,0,0,0,0,0,0,0,0,0
City of Livonia Precinct 4A,0,0,0,0,0,0,0,0,0,0
City of Livonia Precinct 7A,0,0,0,0,0,0,0,0,0,0
City of Livonia Precinct 8A,0,0,0,0,0,0,0,0,0,0
City of Livonia Precinct 8B,0,0,0,0,0,0,0,0,0,0
City of Livonia Precinct 9A,0,0,0,0,0,0,0,0,0,0
City of Livonia Precinct 10A,0,0,0,0,0,0,0,0,0,0
City of Livonia Precinct 11A,0,0,0,0,0,0,0,0,0,0
City of Livonia Precinct 12A,0,0,0,0,0,0,0,0,0,0
City of Livonia Precinct 13A,0,0,0,0,0,0,0,0,0,0
City of Livonia Precinct 14A,0,0,0,0,0,0,0,0,0,0
City of Livonia Precinct 15A,0,0,0,0,0,0,0,0,0,0
City of Livonia Precinct 16A,0,0,0,0,0,0,0,0,0,0
City of Livonia Precinct 16B,0,0,0,0,0,0,0,0,0,0
City of Livonia Precinct 17A,0,0,0,0,0,0,0,0,0,0
City of Livonia Precinct 17B,0,0,0,0,0,0,0,0,0,0
City of Livonia Precinct 18A,0,0,0,0,0,0,0,0,0,0
City of Livonia Precinct 19A,0,0,0,0,0,0,0,0,0,0
City of Livonia Precinct 19B,0,0,0,0,0,0,0,0,0,0
City of Livonia Precinct 20A,0,0,0,0,0,0,0,0,0,0
City of Livonia Precinct 21A,0,0,0,0,0,0,0,0,0,0
City of Livonia Precinct 22A,0,0,0,0,0,0,0,0,0,0
City of Livonia Precinct 22B,0,0,0,0,0,0,0,0,0,0
City of Livonia Precinct 23A,0,0,0,0,0,0,0,0,0,0
City of Livonia Precinct 23B,0,0,0,0,0,0,0,0,0,0
City of Livonia Precinct 24A,0,0,0,0,0,0,0,0,0,0
City of Livonia Precinct 24B,0,0,0,0,0,0,0,0,0,0
City of Livonia Precinct 25A,0,0,0,0,0,0,0,0,0,0
City of Livonia Precinct 31A,0,0,0,0,0,0,0,0,0,0
City of Livonia Precinct 31B,0,0,0,0,0,0,0,0,0,0
City of Livonia Precinct 32A,0,0,0,0,0,0,0,0,0,0
City of Livonia Precinct 33A,0,0,0,0,0,0,0,0,0,0
City of Livonia Precinct 34A,0,0,0,0,0,0,0,0,0,0
City of Livonia Precinct 34B,0,0,0,0,0,0,0,0,0,0
City of Livonia Precinct 34C,0,0,0,0,0,0,0,0,0,0
City of Livonia Precinct 35A,0,0,0,0,0,0,0,0,0,0
City of Livonia Precinct 35B,0,0,0,0,0,0,0,0,0,0
City of Livonia Precinct 35C,0,0,0,0,0,0,0,0,0,0
City of Livonia Precinct 36A,0,0,0,0,0,0,0,0,0,0
City of Livonia Precinct 36B,0,0,0,0,0,0,0,0,0,0
City of Melvindale Precinct 1,0,0,0,0,0,0,0,0,0,0
City of Melvindale Precinct 2,0,0,0,0,0,0,0,0,0,0
City of Melvindale Precinct 3,0,0,0,0,0,0,0,0,0,0
City of Melvindale Precinct 4,0,0,0,0,0,0,0,0,0,0
City of Melvindale Precinct 5,0,0,0,0,0,0,0,0,0,0
City of Northville Precinct 1,0,0,0,0,0,0,0,0,0,0
City of Plymouth Precinct 1,0,0,0,0,0,0,0,0,0,0
City of Plymouth Precinct 2,0,0,0,0,0,0,0,0,0,0
City of Plymouth Precinct 3,0,0,0,0,0,0,0,0,0,0
City of Plymouth Precinct 4,0,0,0,0,0,0,0,0,0,0
City of River Rouge Precinct 1,0,0,0,0,0,0,0,0,0,0
City of River Rouge Precinct 2,0,0,0,0,0,0,0,0,0,0
City of River Rouge Precinct 3,0,0,0,0,0,0,0,0,0,0
City of River Rouge Precinct 4,0,0,0,0,0,0,0,0,0,0
City of River Rouge Precinct 5,0,0,0,0,0,0,0,0,0,0
City of Riverview Precinct 1,0,0,0,0,0,0,0,0,0,0
City of Riverview Precinct 2,0,0,0,0,0,0,0,0,0,0
City of Riverview Precinct 3,0,0,0,0,0,0,0,0,0,0
City of Riverview Precinct 4,0,0,0,0,0,0,0,0,0,0
City of Rockwood Precinct 1,0,0,0,0,0,0,0,0,0,0
City of Rockwood Precinct 2,0,0,0,0,0,0,0,0,0,0
City of Romulus Precinct 1,0,0,0,0,0,0,0,0,0,0
City of Romulus Precinct 2,0,0,0,0,0,0,0,0,0,0
City of Romulus Precinct 3,0,0,0,0,0,0,0,0,0,0
City of Romulus Precinct 4,0,0,0,0,0,0,0,0,0,0
City of Romulus Precinct 5,0,0,0,0,0,0,0,0,0,0
City of Romulus Precinct 6,0,0,0,0,0,0,0,0,0,0
City of Romulus Precinct 7,0,0,0,0,0,0,0,0,0,0
City of Romulus Precinct 8,0,0,0,0,0,0,0,0,0,0
City of Romulus Precinct 9,0,0,0,0,0,0,0,0,0,0
City of Romulus Precinct 10,0,0,0,0,0,0,0,0,0,0
City of Romulus Precinct 11,0,0,0,0,0,0,0,0,0,0
City of Romulus Precinct 12,0,0,0,0,0,0,0,0,0,0
City of Southgate Precinct 1,0,0,0,0,0,0,0,0,0,0
City of Southgate Precinct 2,0,0,0,0,0,0,0,0,0,0
City of Southgate Precinct 3,0,0,0,0,0,0,0,0,0,0
City of Southgate Precinct 4,0,0,0,0,0,0,0,0,0,0
City of Southgate Precinct 5,0,0,0,0,0,0,0,0,0,0
City of Southgate Precinct 6,0,0,0,0,0,0,0,0,0,0
City of Southgate Precinct 7,0,0,0,0,0,0,0,0,0,0
City of Southgate Precinct 8,0,0,0,0,0,0,0,0,0,0
City of Southgate Precinct 9,0,0,0,0,0,0,0,0,0,0
City of Southgate Precinct 10,0,0,0,0,0,0,0,0,0,0
City of Southgate Precinct 11,0,0,0,0,0,0,0,0,0,0
City of Taylor Precinct 1,0,0,0,0,0,0,0,0,0,0
City of Taylor Precinct 2,0,0,0,0,0,0,0,0,0,0
City of Taylor Precinct 3,0,0,0,0,0,0,0,0,0,0
City of Taylor Precinct 4,0,0,0,0,0,0,0,0,0,0
City of Taylor Precinct 5,0,0,0,0,0,0,0,0,0,0
City of Taylor Precinct 6,0,0,0,0,0,0,0,0,0,0
City of Taylor Precinct 7,0,0,0,0,0,0,0,0,0,0
City of Taylor Precinct 8,0,0,0,0,0,0,0,0,0,0
City of Taylor Precinct 9,0,0,0,0,0,0,0,0,0,0
City of Taylor Precinct 10,0,0,0,0,0,0,0,0,0,0
City of Taylor Precinct 11,0,0,0,0,0,0,0,0,0,0
City of Taylor Precinct 12,0,0,0,0,0,0,0,0,0,0
City of Taylor Precinct 13,0,0,0,0,0,0,0,0,0,0
City of Taylor Precinct 14,0,0,0,0,0,0,0,0,0,0
City of Taylor Precinct 15,0,0,0,0,0,0,0,0,0,0
City of Taylor Precinct 16,0,0,0,0,0,0,0,0,0,0
City of Taylor Precinct 17,0,0,0,0,0,0,0,0,0,0
City of Taylor Precinct 18,0,0,0,0,0,0,0,0,0,0
City of Taylor Precinct 19,0,0,0,0,0,0,0,0,0,0
City of Taylor Precinct 20,0,0,0,0,0,0,0,0,0,0
City of Taylor Precinct 21,0,0,0,0,0,0,0,0,0,0
City of Taylor Precinct 22,0,0,0,0,0,0,0,0,0,0
City of Taylor Precinct 23,0,0,0,0,0,0,0,0,0,0
City of Trenton Precinct 1,0,0,0,0,0,0,0,0,0,0
City of Trenton Precinct 2,0,0,0,0,0,0,0,0,0,0
City of Trenton Precinct 3,0,0,0,0,0,0,0,0,0,0
City of Trenton Precinct 4,0,0,0,0,0,0,0,0,0,0
City of Trenton Precinct 5,0,0,0,0,0,0,0,0,0,0
City of Trenton Precinct 6,0,0,0,0,0,0,0,0,0,0
City of Trenton Precinct 7,0,0,0,0,0,0,0,0,0,0
City of Wayne Ward 1 Precinct 1,0,0,0,0,0,0,0,0,0,0
City of Wayne Ward 2 Precinct 2,0,0,0,0,0,0,0,0,0,0
City of Wayne Ward 3 Precinct 3,0,0,0,0,0,0,0,0,0,0
City of Wayne Ward 4 Precinct 4,0,0,0,0,0,0,0,0,0,0
City of Wayne Ward 5 Precinct 5,0,0,0,0,0,0,0,0,0,0
City of Wayne Ward 6 Precinct 6,0,0,0,0,0,0,0,0,0,0
City of Westland Precinct 1,0,0,0,0,0,0,0,0,0,0
City of Westland Precinct 2,0,0,0,0,0,0,0,0,0,0
City of Westland Precinct 3,0,0,0,0,0,0,0,0,0,0
City of Westland Precinct 4,0,0,0,0,0,0,0,0,0,0
City of Westland Precinct 5,0,0,0,0,0,0,0,0,0,0
City of Westland Precinct 6,0,0,0,0,0,0,0,0,0,0
City of Westland Precinct 7,0,0,0,0,0,0,0,0,0,0
City of Westland Precinct 8,0,0,0,0,0,0,0,0,0,0
City of Westland Precinct 9,0,0,0,0,0,0,0,0,0,0
City of Westland Precinct 10,0,0,0,0,0,0,0,0,0,0
City of Westland Precinct 11,0,0,0,0,0,0,0,0,0,0
City of Westland Precinct 12,0,0,0,0,0,0,0,0,0,0
City of Westland Precinct 13,0,0,0,0,0,0,0,0,0,0
City of Westland Precinct 14,0,0,0,0,0,0,0,0,0,0
City of Westland Precinct 15,0,0,0,0,0,0,0,0,0,0
City of Westland Precinct 16,0,0,0,0,0,0,0,0,0,0
City of Westland Precinct 17,0,0,0,0,0,0,0,0,0,0
City of Westland Precinct 18,0,0,0,0,0,0,0,0,0,0
City of Westland Precinct 19,0,0,0,0,0,0,0,0,0,0
City of Westland Precinct 20,0,0,0,0,0,0,0,0,0,0
City of Westland Precinct 21,0,0,0,0,0,0,0,0,0,0
City of Westland Precinct 22,0,0,0,0,0,0,0,0,0,0
City of Westland Precinct 23,0,0,0,0,0,0,0,0,0,0
City of Westland Precinct 24,0,0,0,0,0,0,0,0,0,0
City of Westland Precinct 25,0,0,0,0,0,0,0,0,0,0
City of Westland Precinct 27,0,0,0,0,0,0,0,0,0,0
City of Westland Precinct 28,0,0,0,0,0,0,0,0,0,0
City of Westland Precinct 29,0,0,0,0,0,0,0,0,0,0
City of Westland Precinct 30,0,0,0,0,0,0,0,0,0,0
City of Westland Precinct 32,0,0,0,0,0,0,0,0,0,0
City of Westland Precinct 33,0,0,0,0,0,0,0,0,0,0
City of Westland Precinct 34,0,0,0,0,0,0,0,0,0,0
City of Westland Precinct 35,0,0,0,0,0,0,0,0,0,0
City of Westland Precinct 36,0,0,0,0,0,0,0,0,0,0
City of Westland Precinct 37,0,0,0,0,0,0,0,0,0,0
City of Westland Precinct 38,0,0,0,0,0,0,0,0,0,0
City of Westland Precinct 39,0,0,0,0,0,0,0,0,0,0
City of Westland Precinct 40,0,0,0,0,0,0,0,0,0,0
City of Westland Precinct 41,0,0,0,0,0,0,0,0,0,0
City of Woodhaven Precinct 1,0,0,0,0,0,0,0,0,0,0
City of Woodhaven Precinct 2,0,0,0,0,0,0,0,0,0,0
City of Woodhaven Precinct 3,0,0,0,0,0,0,0,0,0,0
City of Woodhaven Precinct 4,0,0,0,0,0,0,0,0,0,0
City of Woodhaven Precinct 5,0,0,0,0,0,0,0,0,0,0
City of Woodhaven Precinct 6,0,0,0,0,0,0,0,0,0,0
City of Wyandotte Precinct 1,0,0,0,0,0,0,0,0,0,0
City of Wyandotte Precinct 2,0,0,0,0,0,0,0,0,0,0
City of Wyandotte Precinct 3,0,0,0,0,0,0,0,0,0,0
City of Wyandotte Precinct 4,0,0,0,0,0,0,0,0,0,0
City of Wyandotte Precinct 5,0,0,0,0,0,0,0,0,0,0
City of Wyandotte Precinct 6,0,0,0,0,0,0,0,0,0,0
City of Wyandotte Precinct 7,0,0,0,0,0,0,0,0,0,0
City of Wyandotte Precinct 8,0,0,0,0,0,0,0,0,0,0
City of Wyandotte Precinct 9,0,0,0,0,0,0,0,0,0,0
City of Wyandotte Precinct 10,0,0,0,0,0,0,0,0,0,0
Township of Grosse Ile Precinct 1,0,0,0,0,0,0,0,0,0,0
Township of Grosse Ile Precinct 2,0,0,0,0,0,0,0,0,0,0
Township of Grosse Ile Precinct 3,0,0,0,0,0,0,0,0,0,0
Township of Grosse Ile Precinct 4,0,0,0,0,0,0,0,0,0,0
Township of Sumpter Precinct 1,0,0,0,0,0,0,0,0,0,0
Township of Sumpter Precinct 2,0,0,0,0,0,0,0,0,0,0
Township of Sumpter Precinct 3,0,0,0,0,0,0,0,0,0,0
Township of Sumpter Precinct 4,0,0,0,0,0,0,0,0,0,0
Township of Sumpter Precinct 5,0,0,0,0,0,0,0,0,0,0
Township of Sumpter Precinct 6,0,0,0,0,0,0,0,0,0,0
Village of Grosse Pointe Shores A Michigan City Precinct 1,0,0,0,0,0,0,0,0,0,0
Village of Grosse Pointe Shores A Michigan City Precinct 2,0,0,0,0,0,0,0,0,0,0
Village of Grosse Pointe Shores A Michigan City Precinct 3 MACOMB,0,0,0,0,0,0,0,0,0,0